root,case_id,source_root,root_kind,root_status,owner_or_maker,governance,applicability_evidence,lifecycle_evidence,permission_evidence,conflict_evidence,proof_disposition
p1e1r4_121fb1ae4a68464fb6dedd38468a39da/obligation:bc26e3701ce546eaaa5f62ba3711d4b0,p1e1r4_121fb1ae4a68464fb6dedd38468a39da,obligation:bc26e3701ce546eaaa5f62ba3711d4b0,obligation,OPEN,AARON,governance:91a9fa4e29c940558ae4ed573bf0809a,assertion:b350621b568d4b16b474abba8f96317e,event:3785bd5d8b864edfb54ae262c798a818,,,DERIVATION_DEFINED_NOT_SEMANTIC_ACCEPTANCE
p1e1r4_121fb1ae4a68464fb6dedd38468a39da/decision_requirement:811629e8a73c479c828c9d877603afd9,p1e1r4_121fb1ae4a68464fb6dedd38468a39da,decision_requirement:811629e8a73c479c828c9d877603afd9,decision_requirement,OPEN,IRIS,N/A,assertion:b350621b568d4b16b474abba8f96317e,event:3785bd5d8b864edfb54ae262c798a818,,,DERIVATION_DEFINED_NOT_SEMANTIC_ACCEPTANCE
p1e1r4_13f14125911f4e4fafe0e128438a33ae/obligation:b44162760d7f4d7983cf2c3a509f5265,p1e1r4_13f14125911f4e4fafe0e128438a33ae,obligation:b44162760d7f4d7983cf2c3a509f5265,obligation,OPEN,IRIS,governance:bb3d976f40864ca3ae1faa1e14657363,assertion:ebc379c734a84a95bcc7f19f863ff1df,event:74359dfb3d514c5fa20c42f648056ea8,required_next_step:02a2af86929a4d89af327e0338ac4dfd,,DERIVATION_DEFINED_NOT_SEMANTIC_ACCEPTANCE
p1e1r4_13f14125911f4e4fafe0e128438a33ae/decision_requirement:87601618b2e1415889d15b36cbf12242,p1e1r4_13f14125911f4e4fafe0e128438a33ae,decision_requirement:87601618b2e1415889d15b36cbf12242,decision_requirement,OPEN,IRIS,N/A,assertion:ebc379c734a84a95bcc7f19f863ff1df,event:74359dfb3d514c5fa20c42f648056ea8,required_next_step:02a2af86929a4d89af327e0338ac4dfd,,DERIVATION_DEFINED_NOT_SEMANTIC_ACCEPTANCE
p1e1r4_1720ad8063854fcd9cb5388db87d982d/obligation:a239bad60441470f861e7916c7227657,p1e1r4_1720ad8063854fcd9cb5388db87d982d,obligation:a239bad60441470f861e7916c7227657,obligation,OPEN,IRIS,governance:97c6ac67e12c46c0b5d980545878f717,assertion:d9ca671b97704859bd4f8ba034340070,event:5d5d45a33329417bae6814c7b69a5836,,,DERIVATION_DEFINED_NOT_SEMANTIC_ACCEPTANCE
p1e1r4_1720ad8063854fcd9cb5388db87d982d/decision_requirement:5304c81075b94529b3da9f2e81083444,p1e1r4_1720ad8063854fcd9cb5388db87d982d,decision_requirement:5304c81075b94529b3da9f2e81083444,decision_requirement,OPEN,AARON,N/A,assertion:d9ca671b97704859bd4f8ba034340070,event:5d5d45a33329417bae6814c7b69a5836,,,DERIVATION_DEFINED_NOT_SEMANTIC_ACCEPTANCE
p1e1r4_2746198707b748999b539d1723fd84a2/obligation:3090e728e7ac401b9cf202e888387506,p1e1r4_2746198707b748999b539d1723fd84a2,obligation:3090e728e7ac401b9cf202e888387506,obligation,OPEN,IRIS,governance:ecb090db41844c8c811280dccfadeaeb,assertion:8c194bebdbb64bee8a3d907478a5aa25,event:858b3ba032944bddadab5fe8c5c9f660,required_next_step:19453432d95e4006b1df090edffaf19c,,DERIVATION_DEFINED_NOT_SEMANTIC_ACCEPTANCE
p1e1r4_2746198707b748999b539d1723fd84a2/decision_requirement:f2239db242724bada10fd6c5d1a29dff,p1e1r4_2746198707b748999b539d1723fd84a2,decision_requirement:f2239db242724bada10fd6c5d1a29dff,decision_requirement,OPEN,IRIS,N/A,assertion:8c194bebdbb64bee8a3d907478a5aa25,event:858b3ba032944bddadab5fe8c5c9f660,required_next_step:19453432d95e4006b1df090edffaf19c,,DERIVATION_DEFINED_NOT_SEMANTIC_ACCEPTANCE
p1e1r4_2b75131e44224cd98957c79b899fb168/obligation:3a2c46613df543cc921ca5a1630832ea,p1e1r4_2b75131e44224cd98957c79b899fb168,obligation:3a2c46613df543cc921ca5a1630832ea,obligation,OPEN,AARON,governance:14c40219bb6d403c8b32f85be0c8ba73,assertion:9b67b485da274930a337b7ae84949425,event:86958c25a6764728b8ee719540e162d7,,,DERIVATION_DEFINED_NOT_SEMANTIC_ACCEPTANCE
p1e1r4_2b75131e44224cd98957c79b899fb168/decision_requirement:d88d6b9696ff447f8592e64eec3bb725,p1e1r4_2b75131e44224cd98957c79b899fb168,decision_requirement:d88d6b9696ff447f8592e64eec3bb725,decision_requirement,OPEN,IRIS,N/A,assertion:9b67b485da274930a337b7ae84949425,event:86958c25a6764728b8ee719540e162d7,,,DERIVATION_DEFINED_NOT_SEMANTIC_ACCEPTANCE
p1e1r4_2e5f0efaa1c54ab3b9121139cc69c1f3/obligation:402db57937ad4c5a8f57337975045fe6,p1e1r4_2e5f0efaa1c54ab3b9121139cc69c1f3,obligation:402db57937ad4c5a8f57337975045fe6,obligation,ABANDONED,IRIS,governance:96b193a72be948bf884186e80438f14d,assertion:a1fa205e57084c4b9bd575a0edede485,event:726fa17d2dd64a30a300a48e2bf9fd9f|lifecycle_event:30b52c38422c42f1a07d2ff55f5091d5,,,DERIVATION_DEFINED_NOT_SEMANTIC_ACCEPTANCE
p1e1r4_2e5f0efaa1c54ab3b9121139cc69c1f3/decision_requirement:cada6a79a0744c30b6330dc58310a8fb,p1e1r4_2e5f0efaa1c54ab3b9121139cc69c1f3,decision_requirement:cada6a79a0744c30b6330dc58310a8fb,decision_requirement,OPEN,AARON,N/A,assertion:a1fa205e57084c4b9bd575a0edede485|applicability_assertion:124dae88423347d9b3e843d7555ca17f,event:726fa17d2dd64a30a300a48e2bf9fd9f,,,DERIVATION_DEFINED_NOT_SEMANTIC_ACCEPTANCE
p1e1r4_2ffd4e9ef2b1481c880a9acd16256f39/obligation:f0006f0892854e89b9b30091c8c65487,p1e1r4_2ffd4e9ef2b1481c880a9acd16256f39,obligation:f0006f0892854e89b9b30091c8c65487,obligation,OPEN,IRIS,governance:b6f1d952e60349ee94c68009367519aa,assertion:edb5610b9a9740aca47faea2c2dda0ac,event:27990d6125cd4756a74e6d22db871f19,required_next_step:b38adc5c340a4a5baec5c9a8395c30b1,,DERIVATION_DEFINED_NOT_SEMANTIC_ACCEPTANCE
p1e1r4_2ffd4e9ef2b1481c880a9acd16256f39/decision_requirement:02f70911008b402b96ecd184e5786ac1,p1e1r4_2ffd4e9ef2b1481c880a9acd16256f39,decision_requirement:02f70911008b402b96ecd184e5786ac1,decision_requirement,OPEN,IRIS,N/A,assertion:edb5610b9a9740aca47faea2c2dda0ac,event:27990d6125cd4756a74e6d22db871f19,required_next_step:b38adc5c340a4a5baec5c9a8395c30b1,,DERIVATION_DEFINED_NOT_SEMANTIC_ACCEPTANCE
p1e1r4_3592698cabc744789906162b61657890/obligation:b3c3c67639594094abc930cc450fd274,p1e1r4_3592698cabc744789906162b61657890,obligation:b3c3c67639594094abc930cc450fd274,obligation,OPEN,EXTERNAL_ORG,governance:774ecaa22f494c7486925f809311bb43,assertion:006c997a7edb4974af52b083c833d6ed,event:72da64ea305a4127b69e1f7ce970aa0d,,conf_1678bc3ce4fd286e0889d69a1bb6f3c4efdcc4ad7e0e801c422b98abf3b46f86,DERIVATION_DEFINED_NOT_SEMANTIC_ACCEPTANCE
p1e1r4_3592698cabc744789906162b61657890/decision_requirement:de5f53050f0c4d3ab3aff1ed4cbad582,p1e1r4_3592698cabc744789906162b61657890,decision_requirement:de5f53050f0c4d3ab3aff1ed4cbad582,decision_requirement,OPEN,IRIS,N/A,assertion:006c997a7edb4974af52b083c833d6ed,event:72da64ea305a4127b69e1f7ce970aa0d,,,DERIVATION_DEFINED_NOT_SEMANTIC_ACCEPTANCE
p1e1r4_40cad8d6ee7440a5bd0fe22d674f9db7/obligation:70a1a2f10e7945399240b0e73aed9972,p1e1r4_40cad8d6ee7440a5bd0fe22d674f9db7,obligation:70a1a2f10e7945399240b0e73aed9972,obligation,OPEN,UNKNOWN,governance:f0c6503f96fd4a38a758b7cdf43e3ef9,assertion:81f9c6efc4524eb693fc06b78a0b5f6f,event:f1d356a16de94b1fa9b2084a2931bb95,,,DERIVATION_DEFINED_NOT_SEMANTIC_ACCEPTANCE
p1e1r4_40cad8d6ee7440a5bd0fe22d674f9db7/decision_requirement:857eacf570d843b4ad8b6554393e7047,p1e1r4_40cad8d6ee7440a5bd0fe22d674f9db7,decision_requirement:857eacf570d843b4ad8b6554393e7047,decision_requirement,OPEN,UNKNOWN,N/A,assertion:81f9c6efc4524eb693fc06b78a0b5f6f,event:f1d356a16de94b1fa9b2084a2931bb95,,,DERIVATION_DEFINED_NOT_SEMANTIC_ACCEPTANCE
p1e1r4_42df16ee5c5f4b68825c2fa2437c73eb/obligation:ca009ae6666449fc9b67c112443a51f2,p1e1r4_42df16ee5c5f4b68825c2fa2437c73eb,obligation:ca009ae6666449fc9b67c112443a51f2,obligation,OPEN,IRIS,governance:871ea53fcede4f6fb1665501c4b75068,assertion:191b2543bcc74472b47d0c668ffcfada,event:4d635da12f524d3d8b2c925316603ee1,,,DERIVATION_DEFINED_NOT_SEMANTIC_ACCEPTANCE
p1e1r4_42df16ee5c5f4b68825c2fa2437c73eb/decision_requirement:78297d83ca7b48838c02f2bd05656321,p1e1r4_42df16ee5c5f4b68825c2fa2437c73eb,decision_requirement:78297d83ca7b48838c02f2bd05656321,decision_requirement,OPEN,AARON,N/A,assertion:191b2543bcc74472b47d0c668ffcfada,event:4d635da12f524d3d8b2c925316603ee1,,,DERIVATION_DEFINED_NOT_SEMANTIC_ACCEPTANCE
p1e1r4_4723163be86740adaeb6f0d98bb562f8/obligation:b004ea3417d4412abb7842a96d38e381,p1e1r4_4723163be86740adaeb6f0d98bb562f8,obligation:b004ea3417d4412abb7842a96d38e381,obligation,OPEN,AARON,governance:5c0c8e1fe8894b55b78956b5ae327514,assertion:a8108eed5f134ff4ae0a07bff2664d82,event:30c4af3aa3d14dba84b807917cb6ff3b,,,DERIVATION_DEFINED_NOT_SEMANTIC_ACCEPTANCE
p1e1r4_4723163be86740adaeb6f0d98bb562f8/decision_requirement:f0f63cd26fa94b33a09a7c4ac5f9a397,p1e1r4_4723163be86740adaeb6f0d98bb562f8,decision_requirement:f0f63cd26fa94b33a09a7c4ac5f9a397,decision_requirement,OPEN,IRIS,N/A,assertion:a8108eed5f134ff4ae0a07bff2664d82,event:30c4af3aa3d14dba84b807917cb6ff3b,,,DERIVATION_DEFINED_NOT_SEMANTIC_ACCEPTANCE
p1e1r4_4723163be86740adaeb6f0d98bb562f8/obligation:7a2612320b994843937ce6e16a487b08,p1e1r4_4723163be86740adaeb6f0d98bb562f8,obligation:7a2612320b994843937ce6e16a487b08,obligation,OPEN,AARON,governance:c1e48a17e308472bb2deae040f75d563,applicability_assertion:1d95879ece0942e9a166934154279a7b,,,,DERIVATION_DEFINED_NOT_SEMANTIC_ACCEPTANCE
p1e1r4_593111b7f3bb4e32bd0a6456bba2942a/obligation:7b8e7776e67b4abbaa70f3608719e6fc,p1e1r4_593111b7f3bb4e32bd0a6456bba2942a,obligation:7b8e7776e67b4abbaa70f3608719e6fc,obligation,OPEN,IRIS,governance:315c5d077a934d858a174c8d592e9985,assertion:2017ac43cb744828b88aad5c8bc162bb,event:e27650c3275b4770bb54c4cf4726c1d9,required_next_step:8cc0fbb926504c90800dedec2327fe39,,DERIVATION_DEFINED_NOT_SEMANTIC_ACCEPTANCE
p1e1r4_593111b7f3bb4e32bd0a6456bba2942a/decision_requirement:6cdc3edd5e8e487584bca6d058d96070,p1e1r4_593111b7f3bb4e32bd0a6456bba2942a,decision_requirement:6cdc3edd5e8e487584bca6d058d96070,decision_requirement,OPEN,IRIS,N/A,assertion:2017ac43cb744828b88aad5c8bc162bb,event:e27650c3275b4770bb54c4cf4726c1d9,required_next_step:8cc0fbb926504c90800dedec2327fe39,,DERIVATION_DEFINED_NOT_SEMANTIC_ACCEPTANCE
p1e1r4_6f43027d04774acda0ac9dd58bc2f4af/obligation:a600a4ce5ccf443bae4e9c3434cf0968,p1e1r4_6f43027d04774acda0ac9dd58bc2f4af,obligation:a600a4ce5ccf443bae4e9c3434cf0968,obligation,OPEN,AARON,governance:fbf9fe6db06641e0a31b75439d10ec0e,assertion:5d9fa0d2e9f449cbb91af41247a5edc5,event:e65ace981ae34cb09cf897b239439472,,,DERIVATION_DEFINED_NOT_SEMANTIC_ACCEPTANCE
p1e1r4_6f43027d04774acda0ac9dd58bc2f4af/decision_requirement:293ea3c456b0465fab1063a03c44d034,p1e1r4_6f43027d04774acda0ac9dd58bc2f4af,decision_requirement:293ea3c456b0465fab1063a03c44d034,decision_requirement,OPEN,IRIS,N/A,assertion:5d9fa0d2e9f449cbb91af41247a5edc5,event:e65ace981ae34cb09cf897b239439472,,,DERIVATION_DEFINED_NOT_SEMANTIC_ACCEPTANCE
p1e1r4_6f43027d04774acda0ac9dd58bc2f4af/intent:d250c2cf94104b61abafbfffcbb842fe,p1e1r4_6f43027d04774acda0ac9dd58bc2f4af,intent:d250c2cf94104b61abafbfffcbb842fe,intent,SUBMITTED_UNVERIFIED,N/A,N/A,,,,,DERIVATION_DEFINED_NOT_SEMANTIC_ACCEPTANCE
p1e1r4_74f2cf49960f40bfa3823273642a9ba7/obligation:015fc643a75841eda43f5afb57ca93bf,p1e1r4_74f2cf49960f40bfa3823273642a9ba7,obligation:015fc643a75841eda43f5afb57ca93bf,obligation,OPEN,IRIS,governance:fa6135de42884624a1ac989bfc70d27e,assertion:516bf895b33b42609820c39ea63a30dc,event:f4fbac3053bb40d0bcdc21e42c088440,,,DERIVATION_DEFINED_NOT_SEMANTIC_ACCEPTANCE
p1e1r4_74f2cf49960f40bfa3823273642a9ba7/decision_requirement:8b2582ae02c94705a0f3ab3290239097,p1e1r4_74f2cf49960f40bfa3823273642a9ba7,decision_requirement:8b2582ae02c94705a0f3ab3290239097,decision_requirement,OPEN,AARON,N/A,assertion:516bf895b33b42609820c39ea63a30dc,event:f4fbac3053bb40d0bcdc21e42c088440,,,DERIVATION_DEFINED_NOT_SEMANTIC_ACCEPTANCE
p1e1r4_7dcf3c720886405b8a462f3585e9a6b9/obligation:26a2a9fb563d48a1b7fa0dd079b24e82,p1e1r4_7dcf3c720886405b8a462f3585e9a6b9,obligation:26a2a9fb563d48a1b7fa0dd079b24e82,obligation,OPEN,IRIS,governance:ed5b7b6770fe42be8baf91be9d48bf8a,assertion:cbcd337199ed4b00b005298e8c402009,event:d4d87beff80f4877a1ade67557132d71,,,DERIVATION_DEFINED_NOT_SEMANTIC_ACCEPTANCE
p1e1r4_7dcf3c720886405b8a462f3585e9a6b9/decision_requirement:954838a57f4648d4a03eaff65a1ecad9,p1e1r4_7dcf3c720886405b8a462f3585e9a6b9,decision_requirement:954838a57f4648d4a03eaff65a1ecad9,decision_requirement,RESOLVED,IRIS,N/A,assertion:cbcd337199ed4b00b005298e8c402009,event:d4d87beff80f4877a1ade67557132d71|action_decision:2bf98c1601504edfaa06b0cfd7b384be,,,DERIVATION_DEFINED_NOT_SEMANTIC_ACCEPTANCE
p1e1r4_80ccea1138af42d8843eabe2a10fec66/obligation:9902f0b12e9c4b20873e6e809e27d179,p1e1r4_80ccea1138af42d8843eabe2a10fec66,obligation:9902f0b12e9c4b20873e6e809e27d179,obligation,OPEN,AARON,governance:a15fcee13cdf4e5f95ca4fa3156410b0,assertion:126788a7a68a4f26afa0fda7ccc8189e,event:07de293fddf5495ea6c4888f7420d279,,,DERIVATION_DEFINED_NOT_SEMANTIC_ACCEPTANCE
p1e1r4_80ccea1138af42d8843eabe2a10fec66/decision_requirement:1bbcc81fc8804cdc9dff2125e1a5424f,p1e1r4_80ccea1138af42d8843eabe2a10fec66,decision_requirement:1bbcc81fc8804cdc9dff2125e1a5424f,decision_requirement,OPEN,IRIS,N/A,assertion:126788a7a68a4f26afa0fda7ccc8189e,event:07de293fddf5495ea6c4888f7420d279,,,DERIVATION_DEFINED_NOT_SEMANTIC_ACCEPTANCE
p1e1r4_80ccea1138af42d8843eabe2a10fec66/CONFLICT_ONLY_ROOT,p1e1r4_80ccea1138af42d8843eabe2a10fec66,CONFLICT_ONLY_ROOT,conflict_only,N/A,N/A,N/A,,,,conf_4e885b98fa34f80966df5c9584f3b10db0117d61f791fedc38e28ecf7ffa6613,FAIL_D01_ID_UNSPECIFIED
p1e1r4_83ad2c1f30a744de8c624da6057e13fd/obligation:69b58fdf62e3412b8da6f70c69da3557,p1e1r4_83ad2c1f30a744de8c624da6057e13fd,obligation:69b58fdf62e3412b8da6f70c69da3557,obligation,SATISFIED,AARON,governance:b7de1be7da994ff2884da1da46a409e2,assertion:ee8f08e7262c4dd9951a9325baa299e0,event:b32a29846f4a4cb9a2f5c94f255d8519|lifecycle_event:7f7ebe36b1f243cc828f9e5e485144f1,,,DERIVATION_DEFINED_NOT_SEMANTIC_ACCEPTANCE
p1e1r4_83ad2c1f30a744de8c624da6057e13fd/decision_requirement:2c78e1b435624c0ca32d0952b22ca225,p1e1r4_83ad2c1f30a744de8c624da6057e13fd,decision_requirement:2c78e1b435624c0ca32d0952b22ca225,decision_requirement,RESOLVED,IRIS,N/A,assertion:ee8f08e7262c4dd9951a9325baa299e0,event:b32a29846f4a4cb9a2f5c94f255d8519|action_decision:0c78cbf39c1b465a9a576a487eb61bb2,,,DERIVATION_DEFINED_NOT_SEMANTIC_ACCEPTANCE
p1e1r4_8625d48d6c914acf9c695e861070ff4e/obligation:1e610e529e0b4408a194ada00461180a,p1e1r4_8625d48d6c914acf9c695e861070ff4e,obligation:1e610e529e0b4408a194ada00461180a,obligation,OPEN,AARON,governance:6d9aa1a2e91143e2a2b2a5d6cae0f947,assertion:04cbba4a42fd48769608f574bde784b4,event:13a10083b8c54dfa94bf9928bdb566bd,,,DERIVATION_DEFINED_NOT_SEMANTIC_ACCEPTANCE
p1e1r4_8625d48d6c914acf9c695e861070ff4e/decision_requirement:4377c968121c4b38b8924c898c52f44c,p1e1r4_8625d48d6c914acf9c695e861070ff4e,decision_requirement:4377c968121c4b38b8924c898c52f44c,decision_requirement,OPEN,IRIS,N/A,assertion:04cbba4a42fd48769608f574bde784b4,event:13a10083b8c54dfa94bf9928bdb566bd,,,DERIVATION_DEFINED_NOT_SEMANTIC_ACCEPTANCE
p1e1r4_88e1157e7c7c4fa3b401bc31a17a4535/obligation:d7e602c36b754c44bc5c84fd197a8ac1,p1e1r4_88e1157e7c7c4fa3b401bc31a17a4535,obligation:d7e602c36b754c44bc5c84fd197a8ac1,obligation,OPEN,AARON,governance:e781d5d9efee47ed8acff2aa2caaba53,assertion:61906b8b711a4e9e9cb0f6b1caada780,event:3b5cefb873954a2a89f4c27f55c0f112,,,DERIVATION_DEFINED_NOT_SEMANTIC_ACCEPTANCE
p1e1r4_88e1157e7c7c4fa3b401bc31a17a4535/decision_requirement:32928b15f0524c8891594ef276e00557,p1e1r4_88e1157e7c7c4fa3b401bc31a17a4535,decision_requirement:32928b15f0524c8891594ef276e00557,decision_requirement,OPEN,IRIS,N/A,assertion:61906b8b711a4e9e9cb0f6b1caada780,event:3b5cefb873954a2a89f4c27f55c0f112,,,DERIVATION_DEFINED_NOT_SEMANTIC_ACCEPTANCE
p1e1r4_95581400e36945daa8b5f0beca122ada/obligation:c63fadbefae5401fb01805d67f0b0e34,p1e1r4_95581400e36945daa8b5f0beca122ada,obligation:c63fadbefae5401fb01805d67f0b0e34,obligation,OPEN,IRIS,governance:e923ae64cdd34a7a866ef045e9bd8670,assertion:f057a1bc785a4730a16b86dbaab4b8b4,event:0477718898a549bba275b87d6dbcbf9c,,,DERIVATION_DEFINED_NOT_SEMANTIC_ACCEPTANCE
p1e1r4_95581400e36945daa8b5f0beca122ada/decision_requirement:cf98532dbbff45cb8ecc5af7226b0cbc,p1e1r4_95581400e36945daa8b5f0beca122ada,decision_requirement:cf98532dbbff45cb8ecc5af7226b0cbc,decision_requirement,OPEN,AARON,N/A,assertion:f057a1bc785a4730a16b86dbaab4b8b4,event:0477718898a549bba275b87d6dbcbf9c,,,DERIVATION_DEFINED_NOT_SEMANTIC_ACCEPTANCE
p1e1r4_9f4b83c6c71644fd88451639fdf88db8/obligation:9cbe805095ae47ce8244275f70975988,p1e1r4_9f4b83c6c71644fd88451639fdf88db8,obligation:9cbe805095ae47ce8244275f70975988,obligation,OPEN,AARON,governance:13b92b17e99d4f668977d8ccbd6ffb7f,assertion:7ea9e882eac54be3b32b8876dbc2ff19,event:40f27884a79145a3a4bd7aae5d749214,,,DERIVATION_DEFINED_NOT_SEMANTIC_ACCEPTANCE
p1e1r4_9f4b83c6c71644fd88451639fdf88db8/decision_requirement:7c15000a192c41118f9d2c7308841846,p1e1r4_9f4b83c6c71644fd88451639fdf88db8,decision_requirement:7c15000a192c41118f9d2c7308841846,decision_requirement,OPEN,IRIS,N/A,assertion:7ea9e882eac54be3b32b8876dbc2ff19,event:40f27884a79145a3a4bd7aae5d749214,,,DERIVATION_DEFINED_NOT_SEMANTIC_ACCEPTANCE
p1e1r4_a09424d46ca04ea3955094402e78966a/obligation:884613f4c1cc47ca8d1e8ccdb28ecafc,p1e1r4_a09424d46ca04ea3955094402e78966a,obligation:884613f4c1cc47ca8d1e8ccdb28ecafc,obligation,OPEN,IRIS,governance:cd6aa7547c984983908336c410699884,assertion:dbfc81a5dfcd4769bf27170e89445db5,event:679a12c8d5fe46ad82d463ce5e9bc605,required_next_step:539b250eda264c46b37263151835c3c1,,DERIVATION_DEFINED_NOT_SEMANTIC_ACCEPTANCE
p1e1r4_a09424d46ca04ea3955094402e78966a/decision_requirement:74ebdb6b6c7e4c929050ba7da797116e,p1e1r4_a09424d46ca04ea3955094402e78966a,decision_requirement:74ebdb6b6c7e4c929050ba7da797116e,decision_requirement,OPEN,IRIS,N/A,assertion:dbfc81a5dfcd4769bf27170e89445db5,event:679a12c8d5fe46ad82d463ce5e9bc605,required_next_step:539b250eda264c46b37263151835c3c1,,DERIVATION_DEFINED_NOT_SEMANTIC_ACCEPTANCE
p1e1r4_a515b5de91da4708b8a14da07664b37a/obligation:fba3a66ead3e46e793f5348fa38b1f7b,p1e1r4_a515b5de91da4708b8a14da07664b37a,obligation:fba3a66ead3e46e793f5348fa38b1f7b,obligation,OPEN,AARON,governance:e3fdd1167d934211b6c0b95d0168919d,assertion:c2ea7f5a8ef44f7c95d32e4780931ca0,event:fb03e8ce40444630a2b9910e16f59d42,,,DERIVATION_DEFINED_NOT_SEMANTIC_ACCEPTANCE
p1e1r4_a515b5de91da4708b8a14da07664b37a/decision_requirement:2986c37c3faf46fa954e6656b09bcfad,p1e1r4_a515b5de91da4708b8a14da07664b37a,decision_requirement:2986c37c3faf46fa954e6656b09bcfad,decision_requirement,OPEN,IRIS,N/A,assertion:c2ea7f5a8ef44f7c95d32e4780931ca0,event:fb03e8ce40444630a2b9910e16f59d42,,,DERIVATION_DEFINED_NOT_SEMANTIC_ACCEPTANCE
p1e1r4_ac08b94cee624ed7a450e17e3389a163/obligation:af6abeb0cf104e19bf59b400088a90b7,p1e1r4_ac08b94cee624ed7a450e17e3389a163,obligation:af6abeb0cf104e19bf59b400088a90b7,obligation,OPEN,AARON,governance:44ac637bcdd74ae9a835809ce250e042,assertion:890ca02d52f44b1bb790c07c46652ca4,event:771653de617b4f0ea0b77e81fdb48d14,,conf_d4ff9b505dcdbddfc874d18352b850524c188297ae3308a2510e3e3c2190429d,DERIVATION_DEFINED_NOT_SEMANTIC_ACCEPTANCE
p1e1r4_ac08b94cee624ed7a450e17e3389a163/decision_requirement:6f6315b5ec0b4e78b5b1a846cb56eb4e,p1e1r4_ac08b94cee624ed7a450e17e3389a163,decision_requirement:6f6315b5ec0b4e78b5b1a846cb56eb4e,decision_requirement,OPEN,IRIS,N/A,assertion:890ca02d52f44b1bb790c07c46652ca4,event:771653de617b4f0ea0b77e81fdb48d14,,,DERIVATION_DEFINED_NOT_SEMANTIC_ACCEPTANCE
p1e1r4_ac08b94cee624ed7a450e17e3389a163/obligation:c1805592acb24fb884c9ec909d348408,p1e1r4_ac08b94cee624ed7a450e17e3389a163,obligation:c1805592acb24fb884c9ec909d348408,obligation,OPEN,AARON,governance:63119917760b4d98beb1940b14605482,applicability_assertion:8a794b0c602843fe867aef16c96e529e,,,conf_d4ff9b505dcdbddfc874d18352b850524c188297ae3308a2510e3e3c2190429d,DERIVATION_DEFINED_NOT_SEMANTIC_ACCEPTANCE
p1e1r4_b786a178b8324097a51161f46f96b5e4/obligation:2afa2357e62a4622b571a228c54dd31f,p1e1r4_b786a178b8324097a51161f46f96b5e4,obligation:2afa2357e62a4622b571a228c54dd31f,obligation,SUPERSEDED,AARON,governance:b7ac1393450140048000079c8a369f95,assertion:ac5777cdfcc848afa50df8e3e2447453,event:bed5806caba04b1bb43996b9749ddd2f|lifecycle_event:974e1002a6f84c5fb871a754dc6e00de,,,DERIVATION_DEFINED_NOT_SEMANTIC_ACCEPTANCE
p1e1r4_b786a178b8324097a51161f46f96b5e4/decision_requirement:44140c59e7a84085ab0797ea6bef7b5d,p1e1r4_b786a178b8324097a51161f46f96b5e4,decision_requirement:44140c59e7a84085ab0797ea6bef7b5d,decision_requirement,SUPERSEDED,IRIS,N/A,assertion:ac5777cdfcc848afa50df8e3e2447453,event:bed5806caba04b1bb43996b9749ddd2f|action_decision:41fd043228c046ebafaf3ffc858d6833,,,DERIVATION_DEFINED_NOT_SEMANTIC_ACCEPTANCE
p1e1r4_be72a0a686754345ac8bc70f34ea13f6/obligation:71985747231d4a448e9b9b30415635dc,p1e1r4_be72a0a686754345ac8bc70f34ea13f6,obligation:71985747231d4a448e9b9b30415635dc,obligation,OPEN,IRIS,governance:6f991975d5024adca6ecabbb7ff24e42,assertion:f3887536c50344319dc4d0ee97368339,event:3c8c1ca1d5e84c5ab657a8bbfefdd49e,required_next_step:9d93ad33850b42bca99f62ff8050d7ec,,DERIVATION_DEFINED_NOT_SEMANTIC_ACCEPTANCE
p1e1r4_be72a0a686754345ac8bc70f34ea13f6/decision_requirement:099311bfa3d8413ca9abc4c0497108f9,p1e1r4_be72a0a686754345ac8bc70f34ea13f6,decision_requirement:099311bfa3d8413ca9abc4c0497108f9,decision_requirement,OPEN,AARON,N/A,assertion:f3887536c50344319dc4d0ee97368339,event:3c8c1ca1d5e84c5ab657a8bbfefdd49e,required_next_step:9d93ad33850b42bca99f62ff8050d7ec,,DERIVATION_DEFINED_NOT_SEMANTIC_ACCEPTANCE
p1e1r4_c09b0e9d61544bbf825d1aa9215879e8/obligation:25c89af99ad34d22b57b8a0eb93d3505,p1e1r4_c09b0e9d61544bbf825d1aa9215879e8,obligation:25c89af99ad34d22b57b8a0eb93d3505,obligation,OPEN,AARON,governance:5cd60e321d164e34a6ab16e7d841acd8,assertion:c4f5eba36f8d4c33a8c73fdde41066e0,event:0a2907fe5c82464681c07ae6ebce53a3,,,DERIVATION_DEFINED_NOT_SEMANTIC_ACCEPTANCE
p1e1r4_c09b0e9d61544bbf825d1aa9215879e8/decision_requirement:b1085746c772450dbfa15d97da5bffa4,p1e1r4_c09b0e9d61544bbf825d1aa9215879e8,decision_requirement:b1085746c772450dbfa15d97da5bffa4,decision_requirement,OPEN,IRIS,N/A,assertion:c4f5eba36f8d4c33a8c73fdde41066e0,event:0a2907fe5c82464681c07ae6ebce53a3,,,DERIVATION_DEFINED_NOT_SEMANTIC_ACCEPTANCE
p1e1r4_c76e7b9a4e964fa394b629cb008b3ee8/obligation:5cc768fe319044498c30af2c79ee95fb,p1e1r4_c76e7b9a4e964fa394b629cb008b3ee8,obligation:5cc768fe319044498c30af2c79ee95fb,obligation,OPEN,IRIS,governance:20579fdafbfe4b5f9fd6096a4a97a49a,assertion:ea4d6e79a7674d4fa89e5011923adb2a,event:a372296ca699426c82c047e01ead4b38,required_next_step:9c58e8c6ff8b4357baf5352d00512931,,DERIVATION_DEFINED_NOT_SEMANTIC_ACCEPTANCE
p1e1r4_c76e7b9a4e964fa394b629cb008b3ee8/decision_requirement:7a9ab0d54fe04449a1d4d91b7eca46d6,p1e1r4_c76e7b9a4e964fa394b629cb008b3ee8,decision_requirement:7a9ab0d54fe04449a1d4d91b7eca46d6,decision_requirement,OPEN,IRIS,N/A,assertion:ea4d6e79a7674d4fa89e5011923adb2a,event:a372296ca699426c82c047e01ead4b38,required_next_step:9c58e8c6ff8b4357baf5352d00512931,,DERIVATION_DEFINED_NOT_SEMANTIC_ACCEPTANCE
p1e1r4_ced4056d128542acaa474e6fb85df018/obligation:d6ff35d896264c96ae30fc3caa6220b4,p1e1r4_ced4056d128542acaa474e6fb85df018,obligation:d6ff35d896264c96ae30fc3caa6220b4,obligation,OPEN,IRIS,governance:9b847507b5b2432d86a1b7cd33ba1be0,assertion:ab3ca997e0e04b75a8e4697308a6e7c4,event:148831cd026e4703bee4ebaa3fdba450,required_next_step:c9d9bbdd255247deb2b0f43f7d5bb654,,DERIVATION_DEFINED_NOT_SEMANTIC_ACCEPTANCE
p1e1r4_ced4056d128542acaa474e6fb85df018/decision_requirement:793ca1df9f744b3b961a79f103a301cb,p1e1r4_ced4056d128542acaa474e6fb85df018,decision_requirement:793ca1df9f744b3b961a79f103a301cb,decision_requirement,OPEN,IRIS,N/A,assertion:ab3ca997e0e04b75a8e4697308a6e7c4,event:148831cd026e4703bee4ebaa3fdba450,required_next_step:c9d9bbdd255247deb2b0f43f7d5bb654,,DERIVATION_DEFINED_NOT_SEMANTIC_ACCEPTANCE
p1e1r4_d2040e93b0524d66adeb59eeb580d1db/obligation:477ddf77d897404eaa270ce97a553792,p1e1r4_d2040e93b0524d66adeb59eeb580d1db,obligation:477ddf77d897404eaa270ce97a553792,obligation,OPEN,AARON,governance:a1cf1b03b8e84d2ead21ab55df9929ce,assertion:ab88d7e891dc4d5c94f024a5bc87a2e8,event:d80c4d63c8bd4c1182d45915761fcbeb,,,DERIVATION_DEFINED_NOT_SEMANTIC_ACCEPTANCE
p1e1r4_d2040e93b0524d66adeb59eeb580d1db/decision_requirement:6f3735292b6b4ac59c4fb30ae01f1364,p1e1r4_d2040e93b0524d66adeb59eeb580d1db,decision_requirement:6f3735292b6b4ac59c4fb30ae01f1364,decision_requirement,OPEN,IRIS,N/A,assertion:ab88d7e891dc4d5c94f024a5bc87a2e8,event:d80c4d63c8bd4c1182d45915761fcbeb,,,DERIVATION_DEFINED_NOT_SEMANTIC_ACCEPTANCE
p1e1r4_d374c5fb7c064f98bad29f633804d4c8/obligation:96315a710ff042b3a3c4a90eae2e0ce1,p1e1r4_d374c5fb7c064f98bad29f633804d4c8,obligation:96315a710ff042b3a3c4a90eae2e0ce1,obligation,OPEN,AARON,governance:1806ebc697a6477a9762b0c129cac541,assertion:c7be721acf3f4ff096300d46e57fa3ad,event:4de065a7167c4258a0c3571a88810f90,,,DERIVATION_DEFINED_NOT_SEMANTIC_ACCEPTANCE
p1e1r4_d374c5fb7c064f98bad29f633804d4c8/decision_requirement:4fc29135fb6143f6918531fd5c6b1ece,p1e1r4_d374c5fb7c064f98bad29f633804d4c8,decision_requirement:4fc29135fb6143f6918531fd5c6b1ece,decision_requirement,OPEN,IRIS,N/A,assertion:c7be721acf3f4ff096300d46e57fa3ad,event:4de065a7167c4258a0c3571a88810f90,,,DERIVATION_DEFINED_NOT_SEMANTIC_ACCEPTANCE
p1e1r4_d504e20ade654857a871565f2ae65fe0/obligation:dd898e9bb7434de78e625db30af9827c,p1e1r4_d504e20ade654857a871565f2ae65fe0,obligation:dd898e9bb7434de78e625db30af9827c,obligation,OPEN,IRIS,governance:938c7fe56bc1462ca6f505211e9404b8,assertion:328b923237f44ec6b699de132f926e70,event:0a6fead4872f464fb6cac30ca5fd34a2,required_next_step:335cf98a9a864efca0c0fc22ed7c7dbe,,DERIVATION_DEFINED_NOT_SEMANTIC_ACCEPTANCE
p1e1r4_d504e20ade654857a871565f2ae65fe0/decision_requirement:1b897e754f7e4e4c8f984c65ed47b2b4,p1e1r4_d504e20ade654857a871565f2ae65fe0,decision_requirement:1b897e754f7e4e4c8f984c65ed47b2b4,decision_requirement,OPEN,IRIS,N/A,assertion:328b923237f44ec6b699de132f926e70,event:0a6fead4872f464fb6cac30ca5fd34a2,required_next_step:335cf98a9a864efca0c0fc22ed7c7dbe,,DERIVATION_DEFINED_NOT_SEMANTIC_ACCEPTANCE
p1e1r4_dd291386b74e4b568634d20c138457ea/obligation:1b3146da2fac4befa199947d0e30e3d2,p1e1r4_dd291386b74e4b568634d20c138457ea,obligation:1b3146da2fac4befa199947d0e30e3d2,obligation,OPEN,AARON,governance:eb318282ac4548ee9312e42aa8b51fe9,assertion:9c3c7bae39dc4de795d83a78ae16bcfc,event:22628b91259a4203a153ba7afbc47f25,,,DERIVATION_DEFINED_NOT_SEMANTIC_ACCEPTANCE
p1e1r4_dd291386b74e4b568634d20c138457ea/decision_requirement:4875747fdec64917815dd8f89059b7b9,p1e1r4_dd291386b74e4b568634d20c138457ea,decision_requirement:4875747fdec64917815dd8f89059b7b9,decision_requirement,OPEN,IRIS,N/A,assertion:9c3c7bae39dc4de795d83a78ae16bcfc,event:22628b91259a4203a153ba7afbc47f25,,,DERIVATION_DEFINED_NOT_SEMANTIC_ACCEPTANCE
p1e1r4_dd2cc07623df4d2eb8a9ea5a74a4bd62/obligation:884a557e3feb492d9532d2ec2d73f8f5,p1e1r4_dd2cc07623df4d2eb8a9ea5a74a4bd62,obligation:884a557e3feb492d9532d2ec2d73f8f5,obligation,OPEN,AARON,governance:43b4993269c3400da65c966a24926fc2,assertion:621bf926e69e4dbfad39333f16c23739,event:ae99f6f4c6e145c2b6fd21b3f30f0df2,,,DERIVATION_DEFINED_NOT_SEMANTIC_ACCEPTANCE
p1e1r4_dd2cc07623df4d2eb8a9ea5a74a4bd62/decision_requirement:52a78562c086405db26bc83e47db8a57,p1e1r4_dd2cc07623df4d2eb8a9ea5a74a4bd62,decision_requirement:52a78562c086405db26bc83e47db8a57,decision_requirement,OPEN,IRIS,N/A,assertion:621bf926e69e4dbfad39333f16c23739,event:ae99f6f4c6e145c2b6fd21b3f30f0df2,,,DERIVATION_DEFINED_NOT_SEMANTIC_ACCEPTANCE
p1e1r4_deb7781d201d4be2b56dd9351cf7fe2b/obligation:e5273903217a4a39975598aa20e9c44f,p1e1r4_deb7781d201d4be2b56dd9351cf7fe2b,obligation:e5273903217a4a39975598aa20e9c44f,obligation,SATISFIED,AARON,governance:b75f642b340b49c085e430f0fcf8a599,assertion:4f77ed8157be4b2db9b6912f1902b050,event:6daa0217f84e4d4c894ee8a82ddf038d|lifecycle_event:d0edb8821eee4fde8d2f984c9f67ff13,,,DERIVATION_DEFINED_NOT_SEMANTIC_ACCEPTANCE
p1e1r4_deb7781d201d4be2b56dd9351cf7fe2b/decision_requirement:0f89d51e001243349fcd58c87c7ad7e6,p1e1r4_deb7781d201d4be2b56dd9351cf7fe2b,decision_requirement:0f89d51e001243349fcd58c87c7ad7e6,decision_requirement,RESOLVED,IRIS,N/A,assertion:4f77ed8157be4b2db9b6912f1902b050,event:6daa0217f84e4d4c894ee8a82ddf038d|action_decision:482b24beace5484eab40d5bed56a4f6e,,,DERIVATION_DEFINED_NOT_SEMANTIC_ACCEPTANCE
p1e1r4_e097b565f97b4071ac145ac35c373c2b/obligation:f34ef17ad23c44e4862f7fde075d11f6,p1e1r4_e097b565f97b4071ac145ac35c373c2b,obligation:f34ef17ad23c44e4862f7fde075d11f6,obligation,OPEN,IRIS,governance:db317bd042ab4eba83ab9150a32fc735,assertion:b8ac2bd642364fbc9416e3e91bfa393b,event:29ff9ebb01574683ba84a24f240a7639,,,DERIVATION_DEFINED_NOT_SEMANTIC_ACCEPTANCE
p1e1r4_e097b565f97b4071ac145ac35c373c2b/decision_requirement:51deabbb1bf94610a0bb36d54cda385a,p1e1r4_e097b565f97b4071ac145ac35c373c2b,decision_requirement:51deabbb1bf94610a0bb36d54cda385a,decision_requirement,OPEN,AARON,N/A,assertion:b8ac2bd642364fbc9416e3e91bfa393b,event:29ff9ebb01574683ba84a24f240a7639,,,DERIVATION_DEFINED_NOT_SEMANTIC_ACCEPTANCE
p1e1r4_e77d2a6a825a43f7af5b42afc5a94046/obligation:8090fa9a014048d7ab23fd9db07daa64,p1e1r4_e77d2a6a825a43f7af5b42afc5a94046,obligation:8090fa9a014048d7ab23fd9db07daa64,obligation,OPEN,IRIS,governance:211d5e1690af460da308e396bda5a1bb,assertion:7d15851cd0214d53a814b08f308125e0,event:6da00131773a43c186b0b6e0b02c2dcb,required_next_step:e4a7140288ce4becb382f0325f96a229,,DERIVATION_DEFINED_NOT_SEMANTIC_ACCEPTANCE
p1e1r4_e77d2a6a825a43f7af5b42afc5a94046/decision_requirement:c961454cd5ed4e5a865b88cc707c61f8,p1e1r4_e77d2a6a825a43f7af5b42afc5a94046,decision_requirement:c961454cd5ed4e5a865b88cc707c61f8,decision_requirement,OPEN,IRIS,N/A,assertion:7d15851cd0214d53a814b08f308125e0,event:6da00131773a43c186b0b6e0b02c2dcb,required_next_step:e4a7140288ce4becb382f0325f96a229,,DERIVATION_DEFINED_NOT_SEMANTIC_ACCEPTANCE
p1e1r4_e7b44f97f31f4e3393e351889b5e08dc/obligation:706cdab512094ecc935353fd85ebdc78,p1e1r4_e7b44f97f31f4e3393e351889b5e08dc,obligation:706cdab512094ecc935353fd85ebdc78,obligation,OPEN,IRIS,governance:86d9af5193e14a2ba21f3f1d8e75a6be,assertion:414c40e8683c4884af364c666fc26474,event:d3cf69ea8d0d4ec7a3d3c6b25a38a7ed,,,DERIVATION_DEFINED_NOT_SEMANTIC_ACCEPTANCE
p1e1r4_e7b44f97f31f4e3393e351889b5e08dc/decision_requirement:fa3983f7fb344c5f9654a7d5dc82c676,p1e1r4_e7b44f97f31f4e3393e351889b5e08dc,decision_requirement:fa3983f7fb344c5f9654a7d5dc82c676,decision_requirement,OPEN,AARON,N/A,assertion:414c40e8683c4884af364c666fc26474,event:d3cf69ea8d0d4ec7a3d3c6b25a38a7ed,,,DERIVATION_DEFINED_NOT_SEMANTIC_ACCEPTANCE
p1e1r4_f85385028435417489be4037792fe886/obligation:cbc0af4d965e4f229f883e9753a7ded8,p1e1r4_f85385028435417489be4037792fe886,obligation:cbc0af4d965e4f229f883e9753a7ded8,obligation,OPEN,IRIS,governance:65af79c526624e66947eb442ad814edb,assertion:d8f42e0c8ef341b98c1104bfe05bf13e,event:d1db1e4bef3b4470931dcae4891444ee,,,DERIVATION_DEFINED_NOT_SEMANTIC_ACCEPTANCE
p1e1r4_f85385028435417489be4037792fe886/decision_requirement:c214b0b3d2644c5cb02c20fdc3b44a37,p1e1r4_f85385028435417489be4037792fe886,decision_requirement:c214b0b3d2644c5cb02c20fdc3b44a37,decision_requirement,OPEN,AARON,N/A,assertion:d8f42e0c8ef341b98c1104bfe05bf13e,event:d1db1e4bef3b4470931dcae4891444ee,,,DERIVATION_DEFINED_NOT_SEMANTIC_ACCEPTANCE
p1e1r4_ffe412518160474496a3d21e784e4bc3/obligation:69003b7e3e5141a4822c5bcce117e4ee,p1e1r4_ffe412518160474496a3d21e784e4bc3,obligation:69003b7e3e5141a4822c5bcce117e4ee,obligation,OPEN,IRIS,governance:2c8075cdc1fd4ba4a468c4aa62e17e47,assertion:3b9fca5ef0fb41e29615a98b4b349e82,event:74c58f515d754cec88601de4a8b9ec16,,,DERIVATION_DEFINED_NOT_SEMANTIC_ACCEPTANCE
p1e1r4_ffe412518160474496a3d21e784e4bc3/decision_requirement:f2d6ea6005964be5b6b08cb14c9f6452,p1e1r4_ffe412518160474496a3d21e784e4bc3,decision_requirement:f2d6ea6005964be5b6b08cb14c9f6452,decision_requirement,OPEN,AARON,N/A,assertion:3b9fca5ef0fb41e29615a98b4b349e82,event:74c58f515d754cec88601de4a8b9ec16,,,DERIVATION_DEFINED_NOT_SEMANTIC_ACCEPTANCE
