id,architecture,section,requirement,implementation,tests,evidence_claim,status,observed_consistency,defects
P-032,P,0/1,Exact bee076 foundation; transition-only additions; no authority expansion,candidate tree; foundation tree comparison,T75-T80,evidence/IRIS-PERSISTENT-PERSONAL-AGENT-TRANSITION-LOCAL-BUILDER-RETURN.md; evidence/PILOT001-TEST-SUMMARY.json,WEAK_TEST,All63 base files unchanged mechanically; literal tests do not prove lineage,D20
P-033,P,2.1/2.2,Institutional identity separate from provider/device binding; no reuse,identity.ts; SQL005 agent_identity/identity_binding,"T01-T06,T86-T88",evidence/IRIS-PERSISTENT-PERSONAL-AGENT-TRANSITION-LOCAL-BUILDER-RETURN.md; evidence/PILOT001-TEST-SUMMARY.json,PARTIAL_IMPLEMENTATION,Schema identity constraints useful; helper replacement bypasses nonreuse validation,D13
P-034,P,2.3/2.4/27,Worker eligibility and exact assignment/succession,identity.ts; authority-lease.ts; SQL005,"T05-T06,T15,T86-T88",evidence/IRIS-PERSISTENT-PERSONAL-AGENT-TRANSITION-LOCAL-BUILDER-RETURN.md; evidence/PILOT001-TEST-SUMMARY.json,PARTIAL_IMPLEMENTATION,Assignment fields exist; lease path omits profile expiry/current eligibility,D13
P-035,P,3.1/3.2/3.6,Deterministic domain; generation advance plus event transaction,authority-lease.ts; SQL005 generation tables,T08-T20,evidence/IRIS-PERSISTENT-PERSONAL-AGENT-TRANSITION-LOCAL-BUILDER-RETURN.md; evidence/PILOT001-TEST-SUMMARY.json,PARTIAL_IMPLEMENTATION,Pure increment and schema; no shared transactional event implementation,"D13,D14"
P-036,P,3.3/3.4/3.5,Immutable bounded lease/latest state/full Current validation,authority-lease.ts; SQL005,T07-T20,evidence/IRIS-PERSISTENT-PERSONAL-AGENT-TRANSITION-LOCAL-BUILDER-RETURN.md; evidence/PILOT001-TEST-SUMMARY.json,CONTRADICTORY_IMPLEMENTATION,Incomplete validation and schema/runtime admissibility mismatch,"D12,D13"
P-037,P,4/5,One-time Sentinel compare-and-release; revoke/submit ordering,sentinel.ts; SQL005 release_attempt,"T21-T23,T08-T18",evidence/IRIS-PERSISTENT-PERSONAL-AGENT-TRANSITION-LOCAL-BUILDER-RETURN.md; evidence/PILOT001-TEST-SUMMARY.json,MISSING_IMPLEMENTATION,Stateless fake submit does not model one-time/serialized release,D14
P-038,P,6,Reconstruct objectives obligations assignment authority unresolved effects,persistent-objective-runtime.ts,T24-T28,evidence/IRIS-PERSISTENT-PERSONAL-AGENT-TRANSITION-LOCAL-BUILDER-RETURN.md; evidence/PILOT001-TEST-SUMMARY.json,CONTRADICTORY_IMPLEMENTATION,All verifications treated terminal; principal/recovery fields incomplete,D09
P-039,P,7,Governed capability access; no unrestricted mutation/auth laundering,capabilities.ts,T64-T65,evidence/IRIS-PERSISTENT-PERSONAL-AGENT-TRANSITION-LOCAL-BUILDER-RETURN.md; evidence/PILOT001-TEST-SUMMARY.json,PARTIAL_IMPLEMENTATION,Explicit no-authority helpers; direct renderer exposed as governed projection,D15
P-040,P,8,Owner/decision-maker/holder/status/applicability independent,SQL005; pilot001-types.ts; binding §4/7/8,T29-T38; post-E3,evidence/IRIS-PERSISTENT-PERSONAL-AGENT-TRANSITION-LOCAL-BUILDER-RETURN.md; evidence/PILOT001-TEST-SUMMARY.json,PARTIAL_IMPLEMENTATION,Schema separates fields; lifecycle/domain and missing-value semantics drift,"D02,D03,D12"
P-041,P,9 AR1,Open applicable exact Aaron decision; unresolved history,pilot001-classifier.ts,"T29,T33; missing-maker test",evidence/IRIS-PERSISTENT-PERSONAL-AGENT-TRANSITION-LOCAL-BUILDER-RETURN.md; evidence/PILOT001-TEST-SUMMARY.json,PARTIAL_IMPLEMENTATION,Known positive and maker UNKNOWN handled; arbitrary/missing status not validated,D03
P-042,P,9 AR2,"Open applicable Aaron concrete action, not terminal/info",pilot001-classifier.ts,"T30,T34-T37",evidence/IRIS-PERSISTENT-PERSONAL-AGENT-TRANSITION-LOCAL-BUILDER-RETURN.md; evidence/PILOT001-TEST-SUMMARY.json,PARTIAL_IMPLEMENTATION,Positive branch correct known tuple; owner UNKNOWN omitted,"D02,D03"
P-043,P,9 AR3,Open applicable reserved step; known authority/delegation facts,pilot001-classifier.ts,"T31,T37; unknown-authority tests",evidence/IRIS-PERSISTENT-PERSONAL-AGENT-TRANSITION-LOCAL-BUILDER-RETURN.md; evidence/PILOT001-TEST-SUMMARY.json,CONTRADICTORY_TEST_ORACLE,Omitted delegation coerced to known AR3; required-step lifecycle absent,"D02,D03"
P-044,P,9 AR4,Material blocker and required Aaron judgment,pilot001-classifier.ts; projection draftsFor,"T32,T38,T42; post-E3 conflict",evidence/IRIS-PERSISTENT-PERSONAL-AGENT-TRANSITION-LOCAL-BUILDER-RETURN.md; evidence/PILOT001-TEST-SUMMARY.json,PARTIAL_IMPLEMENTATION,Conflict/effect flags alone imply AR4; judgment and separate resolution facts incomplete,"D03,D04"
P-045,P,9 overlaps,Retain supported AR predicates without erasing distinct resolutions,classifier resolutionFor; projection draftsFor,T33; post-E3,evidence/IRIS-PERSISTENT-PERSONAL-AGENT-TRANSITION-LOCAL-BUILDER-RETURN.md; evidence/PILOT001-TEST-SUMMARY.json,PARTIAL_IMPLEMENTATION,Classes retained but precedence/grouping can collapse independent resolutions,D04
P-046,P,10,Exact typed anchors/hash; consolidate exact principal kind set only,classifier anchorsFor/rawObligationId; projection consolidateStructuralDrafts,T39-T41; post-E3 grouping,evidence/IRIS-PERSISTENT-PERSONAL-AGENT-TRANSITION-LOCAL-BUILDER-RETURN.md; evidence/PILOT001-TEST-SUMMARY.json,CONTRADICTORY_TEST_ORACLE,ID parsing and union of unequal anchor sets; linked context lost,D04
P-047,P,11,Canonical conflict identity/full evidence closure; never overwrite,binding §9; projection conflicts; SQL006,"T42-T43,T49",evidence/IRIS-PERSISTENT-PERSONAL-AGENT-TRANSITION-LOCAL-BUILDER-RETURN.md; evidence/PILOT001-TEST-SUMMARY.json,PARTIAL_IMPLEMENTATION,Conflict hashes specified; judgment/routing/audit association incomplete,"D01,D03,D04"
P-048,P,12.1/12.2,Immutable eight-source contract with scoped freshness/provenance,SQL006; pilot001-coverage.ts,T44-T54g,evidence/IRIS-PERSISTENT-PERSONAL-AGENT-TRANSITION-LOCAL-BUILDER-RETURN.md; evidence/PILOT001-TEST-SUMMARY.json,CONFORMANT,Required-source runtime shape and immutable membership fail closed within supplied tuples,
P-049,P,13,Repeatable read plus one end-bracket rerun; exact dependencies,transition-repository.ts,T55-T56; repository-bracket tests,evidence/IRIS-PERSISTENT-PERSONAL-AGENT-TRANSITION-LOCAL-BUILDER-RETURN.md; evidence/PILOT001-TEST-SUMMARY.json,PARTIAL_IMPLEMENTATION,Read loop implemented; connection/freshness/run proof incomplete,D15
P-050,P,14 COMPLETE,Every required fact verified; no item unknown/conflict,pilot001-coverage.ts,T50-T54g,evidence/IRIS-PERSISTENT-PERSONAL-AGENT-TRANSITION-LOCAL-BUILDER-RETURN.md; evidence/PILOT001-TEST-SUMMARY.json,PARTIAL_IMPLEMENTATION,Source checks improved; candidate totality/state correspondence missing,"D02,D03"
P-051,P,14 INCOMPLETE,Missing stale partial source no complete omission,pilot001-coverage.ts,"T44-T46,T52-T54g",evidence/IRIS-PERSISTENT-PERSONAL-AGENT-TRANSITION-LOCAL-BUILDER-RETURN.md; evidence/PILOT001-TEST-SUMMARY.json,CONFORMANT,Explicit supplied required-source cases reject completeness/omission,
P-052,P,14 CONFLICTED,Material unresolved conflict blocks coherent completion,pilot001-coverage.ts,"T42-T43,T49",evidence/IRIS-PERSISTENT-PERSONAL-AGENT-TRANSITION-LOCAL-BUILDER-RETURN.md; evidence/PILOT001-TEST-SUMMARY.json,PARTIAL_IMPLEMENTATION,Separate conflicts input works; not derived from all candidate-local conflict facts,D03
P-053,P,14 UNKNOWN,Unknown coverage and undecidable item relevance stay separate,classifier; coverage; projection,"T47,T51; post-E3 authority test",evidence/IRIS-PERSISTENT-PERSONAL-AGENT-TRANSITION-LOCAL-BUILDER-RETURN.md; evidence/PILOT001-TEST-SUMMARY.json,CONTRADICTORY_IMPLEMENTATION,Independent unknown predicates disagree,D02
P-054,P,14 omission/privacy,Every absence justified or explicitly unknown/gap/privacy excluded,projection; justifiedOmission,"T48,T52-T54; T69",evidence/IRIS-PERSISTENT-PERSONAL-AGENT-TRANSITION-LOCAL-BUILDER-RETURN.md; evidence/PILOT001-TEST-SUMMARY.json,PARTIAL_IMPLEMENTATION,Terminal roots vanish; foreign roots silently skipped unless caller supplies exclusions,"D03,D15"
P-055,P,15,Complete top-level output with canonical context/provenance/uncertainty,pilot001-types.ts; projection.ts,post-E3; concurrency tests,evidence/IRIS-PERSISTENT-PERSONAL-AGENT-TRANSITION-LOCAL-BUILDER-RETURN.md; evidence/PILOT001-TEST-SUMMARY.json,PARTIAL_IMPLEMENTATION,"Fields present; generic gap, empty uncertainty and missing linked context lose evidence","D04,D15"
P-056,P,16,Immutable run/source evaluation/all disposition persistence,transition-repository appendProjection; SQL006,repository-bracket tests,evidence/IRIS-PERSISTENT-PERSONAL-AGENT-TRANSITION-LOCAL-BUILDER-RETURN.md; evidence/PILOT001-TEST-SUMMARY.json,MISSING_IMPLEMENTATION,Only known item inserts; no source-evaluation inserts; content ID reused,D15
P-057,P,17/17.1,Synthetic metrics distinct from independent frozen evaluation,pilot001-metrics.ts; E1 protocol,T57-T63,evidence/IRIS-PERSISTENT-PERSONAL-AGENT-TRANSITION-LOCAL-BUILDER-RETURN.md; evidence/PILOT001-TEST-SUMMARY.json,CONFORMANT,Local utility rejects GOVERNING context; no governing scoring performed,
P-058,P,18/31 ambient,Ambient/device observation no authority or direct Current,ambient-ingress.ts; interop voice port,"T04,T66-T67",evidence/IRIS-PERSISTENT-PERSONAL-AGENT-TRANSITION-LOCAL-BUILDER-RETURN.md; evidence/PILOT001-TEST-SUMMARY.json,CONFORMANT,"Quarantine candidate nonpersisted, authority NONE; pure seam only",
P-059,P,19,"Zero-effect research worker evidence, no canonical mutation",research-worker.ts,T72-T74,evidence/IRIS-PERSISTENT-PERSONAL-AGENT-TRANSITION-LOCAL-BUILDER-RETURN.md; evidence/PILOT001-TEST-SUMMARY.json,PARTIAL_IMPLEMENTATION,Rejects declared effects; does not prove provenance/identity or actual worker behavior,"D13,D20"
P-060,P,20/24,Future effects and operations deferred,README.md; capability constants; evidence return,T77-T80,evidence/IRIS-PERSISTENT-PERSONAL-AGENT-TRANSITION-LOCAL-BUILDER-RETURN.md; evidence/PILOT001-TEST-SUMMARY.json,CONFORMANT,No production effect/continuity/admission established; literal tests alone weak,
P-061,P,21,Migration ordering and foundation semantic reuse,SQL001-006; migrations.ts,static-check.mjs,evidence/IRIS-PERSISTENT-PERSONAL-AGENT-TRANSITION-LOCAL-BUILDER-RETURN.md; evidence/PILOT001-TEST-SUMMARY.json,PARTIAL_IMPLEMENTATION,Additive order correct; runtime/SQL lifecycle and fields diverge,D12
P-062,P,22/23,Every T proof binds head fixture expected observed evidence,tests/agent-transition/*; PILOT001-TEST-SUMMARY.json,T01-T80,evidence/IRIS-PERSISTENT-PERSONAL-AGENT-TRANSITION-LOCAL-BUILDER-RETURN.md; evidence/PILOT001-TEST-SUMMARY.json,EVIDENCE_OVERCLAIM,Grouped/literal assertions and historical summary do not establish named matrix,D20
P-063,P,25/26,Durability distinct from continuity/provider; qualified checkpoint resume,workflow-durability.ts,T81-T85,evidence/IRIS-PERSISTENT-PERSONAL-AGENT-TRANSITION-LOCAL-BUILDER-RETURN.md; evidence/PILOT001-TEST-SUMMARY.json,CONTRADICTORY_IMPLEMENTATION,Boolean resume label ignores replay combinations/evidence contract,D16
P-064,P,28,Exact qualified candidate role tools/privacy/resource/evidence routing,capability-router.ts; cognition-router.ts,T89-T91,evidence/IRIS-PERSISTENT-PERSONAL-AGENT-TRANSITION-LOCAL-BUILDER-RETURN.md; evidence/PILOT001-TEST-SUMMARY.json,PARTIAL_IMPLEMENTATION,Cross-candidate qualification and missing constraint dimensions,D17
P-065,P,29,Candidate+role+population+version qualification with history,capability-qualification.ts; SQL005,T92-T94,evidence/IRIS-PERSISTENT-PERSONAL-AGENT-TRANSITION-LOCAL-BUILDER-RETURN.md; evidence/PILOT001-TEST-SUMMARY.json,PARTIAL_IMPLEMENTATION,Basic role/demotion checks; schema admission evidence and canonical identity disconnected,D17
P-066,P,30,Canonical portable procedure qualification/context/tools/compatibility,portable-procedure.ts; capability-procedure.ts; SQL005,T95-T97,evidence/IRIS-PERSISTENT-PERSONAL-AGENT-TRANSITION-LOCAL-BUILDER-RETURN.md; evidence/PILOT001-TEST-SUMMARY.json,PARTIAL_IMPLEMENTATION,Boolean parallel type omits required context and qualification linkage,D17
P-067,P,31,"Relevance/evidence/privacy/persistence distinct, retention bounded",selective-perception.ts,T98-T101,evidence/IRIS-PERSISTENT-PERSONAL-AGENT-TRANSITION-LOCAL-BUILDER-RETURN.md; evidence/PILOT001-TEST-SUMMARY.json,CONTRADICTORY_IMPLEMENTATION,Qualified flag directly grants persistence; no retention/privacy proof,D18
P-068,P,32,Human-end-state extensions documentary only; no silent expansion,Blueprint §32; absence of operational paths,no operational tests required,evidence/IRIS-PERSISTENT-PERSONAL-AGENT-TRANSITION-LOCAL-BUILDER-RETURN.md; evidence/PILOT001-TEST-SUMMARY.json,CONFORMANT,Not treated as missing production implementation,
P-069,P,33/34,Addendum local proof maturity; no invented consequential semantics,all transition local seams/tests,T81-T101,evidence/IRIS-PERSISTENT-PERSONAL-AGENT-TRANSITION-LOCAL-BUILDER-RETURN.md; evidence/PILOT001-TEST-SUMMARY.json,EVIDENCE_OVERCLAIM,Required contract validations materially incomplete,"D16,D17,D18,D20"
