object,git_blob,bytes,sha256,consumed
candidate/.gitignore,7cd6fe3b7727be56d20600d875d994e5de280054,73,8e8e6a9c4f6a911fa717c90eab51c08f217f4045d87f968d979df71a83d23847,YES
candidate/README.md,ed1523ee54fc574d35c9cd6883867fc729901bde,935,cdccaf5a3e2965d0d9b97871336f9d65f30a78edd87bbbd91a4f10aae8a5774a,YES
candidate/db/migrations/001_iris_core.sql,6ec9c9ba795219e2d56e01c27d16c4995be9d66b,3766,d03f9f25bd614341b6d75ddd40644a45ea665be96caf6ebfdda9856e502d1396,YES
candidate/db/migrations/002_work_episode.sql,f8b2e8b50a364d2f893ec4f64e9d4485541409aa,895,d877b2fa976b723a60bf81a170fc595ad6da18e609fccb22bf122b52d7518972,YES
candidate/db/migrations/003_action_effect.sql,7e76aab787701a47524782cef21de8b578ac3f2b,2024,b9dc4aaeddf9dd224757e954f896c96ada3cf0049f125de087e88d4791a86c12,YES
candidate/db/migrations/004_instrumentation.sql,bce1a9677008fc525fa2c7c67c25e020001c2ca8,642,84ac3a9fb71de494d2a1a1e89a306d95b3610d1699c6747007df810a4e14473b,YES
candidate/db/migrations/005_agent_transition_identity_authority.sql,935403fed3af8f2fab6e1101f8921c1e16e6b728,13435,3ceb9edc3e5de52936ec2ce1af01c40fa9018624f56bbeb4b1cbd56023dc0ca4,YES
candidate/db/migrations/006_pilot001_projection.sql,21d5f2f7fdded66e3c10c700c547c8e601ade6cd,4521,d2c093f49306425bf6f6f116c7b57d04df4ed76132cf1b9cd13e8ec82cb8d4d1,YES
candidate/evidence/IRIS-PERSISTENT-PERSONAL-AGENT-TRANSITION-LOCAL-BUILDER-RETURN.md,27e21d014e208db089a7a8995d0370e30002d56c,1812,930ef86191c02de1d3a1aefad3a7b62b493c76c4cc9a0b94f96877a31455975b,YES
candidate/evidence/LOCAL-BUILDER-RETURN.md,bef0f436619d45d7626aa89bcd3c5b81dae5539f,2308,758ee64f97a81131f8b9dfabaa96af31e4c1ff568431822f935a5b791c92b5b8,YES
candidate/evidence/LOCAL-TEST-SUMMARY.json,8fc2e164dbff7afcb898444b6c19b723e751c309,559,21541fde1ad27e17c5c6492f3f97d0b995c5edb765bd5594e0afe19216a013d6,YES
candidate/evidence/PILOT001-TEST-SUMMARY.json,d86f3ceacd05176cf236a937c1a7e807aafdfe45,2312,75cb8fa7b0f00e78827e3993068981f1eeabb7f9bb5cdb2fbafe7964e0b5207d,YES
candidate/governance/RELEASE-BINDING.md,d33870ba16bc46b433103ac5cbce3cbc1592d4df,572,39e1e0825616763d958ff12bd652f6a4f95da932aec3cb700900c8926a849fca,YES
candidate/package.json,34b974428d053199b03bba35498793e6e12f2b50,963,b10a0a4de3b39a56c243de56b92e32335bc00b29b18443a551bedba59bb00b90,YES
candidate/scripts/fresh-runtime-probe.ts,8041783372b99d9b6ff1f27c46729c8e582b7f0b,3359,45a6c055312178e1680cf8e3115f42d0ae6ac95cb79d39ba94063b38c881b115,YES
candidate/scripts/run-tests.mjs,08c35ac9c47529f2be1eb24586fccffb6b226acc,722,2b680ba32cd2cdd094cf301524c9add9ae66db42ea70b46e96d16a366eea85e7,YES
candidate/scripts/static-check.mjs,36dc75814be7d87715bcd0af511d0be3c71607d6,1049,d7cc12619403c915cf1525ccf73d5486ca1bdf98e7de54371e2689a7990704b4,YES
candidate/src/agent-transition/ambient-ingress.ts,b6c9202fa67848090354b9643bc27ce6857d5ebf,657,25bbc98c3a20a637a4ec97851c1199ce4898317bb7cab8f030930cf7092b24fb,YES
candidate/src/agent-transition/authority-lease.ts,e0cff558396e3fd6d0443e1c9cdecb76ac4f7945,3512,fb6efd10e02aa18fc93dcf4c6b00c6342d309b1efeae800b1104d345c424be21,YES
candidate/src/agent-transition/capabilities.ts,6f835e82488542d559b6ec0c312f428e2a4da427,851,ca91d7c17d9fc3834fd0c1afdb36bac0778dce60da1fb29d5366d4a803de14e0,YES
candidate/src/agent-transition/capability-qualification.ts,9f3d5ee5f1204da43b863b7b2f331ac25e96b005,964,5979e2058754291ac10d2852e77990d06bdd14024eb3b9c2a61e8fddda35c2c8,YES
candidate/src/agent-transition/capability-router.ts,90ee1fb29836d01e0ecd92f5fbddb883efda2a1e,1269,8f40e0f0da9291c3f6c91b8bc9092751ab44111a882caf82985feeed927c9bc4,YES
candidate/src/agent-transition/identity.ts,ba89c8ee3a0e362a4dd168a86aa8e2e5f36f20ec,2156,e21ac0212ff16b4bd7e87bd5dc6cf4125dbd5bce79e9a0e336462b21e6526aca,YES
candidate/src/agent-transition/persistent-objective-runtime.ts,d979d34f6bf851d701378b56a2411f1b68d83f1c,951,7e1fbc71ff953394589086c5103b6159283fa497fa8f686d40faa154007c8f25,YES
candidate/src/agent-transition/pilot001-classifier.ts,b716d1bf8d07cd040793d54674bb3cd1a4ae2e14,4246,1955e160a19e2d25d8d865baf88c5a0fee8d5d0a956930e95f1e65e6505b42b5,YES
candidate/src/agent-transition/pilot001-coverage.ts,2b21f40cf27457523d5540db226446c1ee6c83e4,4733,1d9e28534faffb7c740dce683100654b4d86b0dc452e5220528a82e4212eae4e,YES
candidate/src/agent-transition/pilot001-metrics.ts,12893b54a0c559281e538a1642dd3cc95fac0c69,3074,91dd6c355dba68fdf02ffd7fcc1f096cb5fa8cd3dac3144d5274ae7cbab20ff2,YES
candidate/src/agent-transition/pilot001-projection.ts,4931d997e7200353e3011bfd3c548b0bf826c027,7108,07df696c1d3acfea3be0c3479f706ef217f322b389edddb23ab1297e6e031074,YES
candidate/src/agent-transition/pilot001-types.ts,c8c7aa257b1f319b5fe518f8cebaf9ff55ea6301,2420,2a09f355e61fde1cfb413bd6f42bf14373d6d03c7dcdff3fb36b558487d98df0,YES
candidate/src/agent-transition/portable-procedure.ts,d3101d22ef2d1d4ff1d35f0adc4199ba0be39db1,518,1c313c3749c67108d7d0d44b87ba59273c423c9bded4dea873d48c53932a9be8,YES
candidate/src/agent-transition/research-worker.ts,4c10cfb6374327667d9a297131fcddd6ae3f4909,397,c6a2dacd939b837c53e1b0857aa4dd4d67e45cd3b86ec2343b361da6b24ea727,YES
candidate/src/agent-transition/selective-perception.ts,15decc8ef8ccbd61e2303113dce78dfc12c6a82e,510,ea08d55909d5ec4524581b27c82b21fd1ed8f8b28be93c14743ef3ea297794a1,YES
candidate/src/agent-transition/sentinel.ts,1900256c4463a21c06209796ae471b2e90f3caa1,1528,2b91e6b78fb03df27cef638bdc4e1c49b20d2eba77fdf1c77b429bcd0bd60e57,YES
candidate/src/agent-transition/transition-repository.ts,d9a2f376f02cc31b213c54597c4efb3f5a5bb925,4817,259f5806843ccaaccd803580989149c7d3349f5b0c3768590255d488024426d3,YES
candidate/src/agent-transition/workflow-durability.ts,9f6d3cd0134a605b42444d6abb65fcaf046d4d12,1007,b9d118a5959793230794949c398878049d1db027076f06534be1331bc0ca3fde,YES
candidate/src/domain/action-intent.ts,a17488b00dd4af45ed490f042707ad6801095624,651,6967326ebc9e6a9f14cdc06e3422c3dd742a32af9aad86487ab7436c2d90a7bd,YES
candidate/src/domain/action-receipt.ts,851ab6153fdde912afcda2287e515074e52a28ac,311,99086510efbc27a508715a715dd1ba948514e58cc30a495977d61d8f8f9007df,YES
candidate/src/domain/authority.ts,f3ec91b545164aa4dd25ef661187fe70689b6fe9,1265,686d909eabeccffc4802e94999c7b18253f68d1f31ef4f326e8c3c3224b3be4c,YES
candidate/src/domain/capability-procedure.ts,81fc12ded7b7f54c6f2eaf4fb507c3947cf063b5,442,e2debdbb73da57e67db9e2264ff6e7f991e3f99d48bf15ddea5cae2f6618667b,YES
candidate/src/domain/current-assertion.ts,8d49865f207608bc15c3256b5c2506f3cc5cf201,706,2524c334d4b414ceece2562f8dbe9f6823ad9f15116708f89b8f95ad59b6a149,YES
candidate/src/domain/effect-verification.ts,55b9cdb6243a5c15579e2247d8448f27f9d7882c,456,d392d50727cebc02bdc802c3ec6fe5a67f4b2c8f3359d2ee98593b58e5d1d6f7,YES
candidate/src/domain/evidence-occurrence.ts,0cc87cd8320048860fa95934d5046666c026bb56,588,431ef15516f7d18bc043ec317fe54029501e7da5c04a87a7b182128c0183e824,YES
candidate/src/domain/learning-record.ts,706cfa384676a0105634409993a077b6d3eea41c,464,4bc726fcab771f80876031697f8203f64d66ceed4f6d292aa7f5c98fe473dfd7,YES
candidate/src/domain/objective.ts,fb18f163cdb20394b98516d641baac30f4768e9c,487,ef756beeb11d950c88c33cca2e54eeda8d50ebbf6d53856438cbd21047c752fe,YES
candidate/src/domain/obligation.ts,e6a3fd8910116489bbaac374937ac1af8fef1ebb,460,28fbeda8ebb2f03825622d919e4859cc3cbdcffd0992a8c6af9050dc04fc5897,YES
candidate/src/domain/orientation.ts,fec8adff24dccf531593bf64f9d0310aa6fbf023,578,9b77997a93a686c0a4ff6d29f2cd8be83aa1c0a78f12939139c7cc284b691723,YES
candidate/src/domain/principal.ts,92d3b25098bbb3a560be5f2dfdf3a30d51deb8f7,163,dd69137402ee4f2d44165f5ec428b304e9e43960d64f34b24090b39b19daf356,YES
candidate/src/domain/privacy.ts,1f5d30c4b5ff4a3c67ce1c6abf8c2652e6c516af,666,58611daf78441a936ffb3c0deb92ae3ba91f05901d66ca88658009213327ecea,YES
candidate/src/domain/work-episode.ts,b27b16bf6f8aef3d0560fb12f9e9ff84f32658f4,1089,e765121f3a37eb84e2ca3ff29ee9278351bc5407b38714cd99115393496cc930,YES
candidate/src/instrumentation/ief-events.ts,03a94882f2f91458aaaef63191582403e0433ade,594,6681d1704c875a96b3ce6bbb8115d4d5bbaf6c38536902d35f17374fa01fa6a7,YES
candidate/src/instrumentation/personal-bire.ts,ef23dad57f84809b968c27e1012a1fed81b277ba,667,b03391c950da8d36d348882a1c3e67aa103693a5e3e13acf3f73359d7eddd802,YES
candidate/src/instrumentation/tracing.ts,e4db79615768129c71e8a0d5f16f0fc50470d6ef,274,74e6953232170c153b6c8c06c6fcccdcef60b3f429bb0baed9bd12ac418dc6d8,YES
candidate/src/interop/big-delta-envelope.ts,6f7390057be2da23bca65121755d2b7e8d543199,286,2408f5f64607f8e8cc4da120bc838c626794128760f60027da00af6fec2ab888,YES
candidate/src/interop/big-delta-quarantine.ts,3f84428742e7a143e93902d7a4790b55a3088b31,342,37c8fff1440c465bfcbafbed460406c72b6c923574d03cf3d2288ca3c01331b9,YES
candidate/src/interop/persistent-continuity-port.ts,2c483ddc0b3909ce5ba4669ea859bc94f7c49629,246,99fc5d2e33ce891f74ea3e6e5a8a452661399957119463211b76847ee762927e,YES
candidate/src/interop/voice-ingress-port.ts,c5d0de8582c8677b3a4d31054c5abf6c0bd5f02d,157,fdf4418a059aeabd3470db0b6bca31d8d15089fad731a93075c371871853a498,YES
candidate/src/platform/managed-capabilities.ts,5c7849a88875ee668e6a4e64d389750e55283c3d,760,4cf267339d7c2c7b08d95a17dc036ddb0db26655ff8c6a77afe52e94766c390c,YES
candidate/src/runtime/act.ts,7f8f20a57ee3e5b43370a6952b146e1ca6a5d5a4,543,0288a062c36376553bda4cc44ce3b9f5d189ea41260bed6bb5e69cc1a9dedad7,YES
candidate/src/runtime/cognition-router.ts,70edc0e4a1301bbd24c2f88c60bdc0ec21acf1fc,1152,72f74664aa31e294f1db92190f24e1b136dd8f8b649678367628ba34cfba911d,YES
candidate/src/runtime/episode-controller.ts,ba44825eea4f69530970601871f8021893bb8689,591,549fb224810fea643b2526b9afb3fec1a682b01b5958cf7bb27eed103a8808f4,YES
candidate/src/runtime/iris-workflow.ts,a56f84e9490fdd994712e259ea755ecff3dc9d89,3868,7e4d268e2fca0eb93f2233c5124b4fe0c4599ff1042aaa3074b6b2934c136acb,YES
candidate/src/runtime/learn.ts,0613acf2b14580ec2523a8aca4a03a10cd29c87b,685,8b5e42d21ebf33f3fd2b0c71e0ebc52dcf4cc7e7358fb65e7f3df61b518da0f2,YES
candidate/src/runtime/orient.ts,15256855889fe6f770b809dac6e545ce8b794538,1543,739ae1401f1704224dd163315f3ab0e0a9e6cc0461b666c0c5a79a847b5b15ee,YES
candidate/src/runtime/perceive.ts,9be2ebb8720e368e6c46d4298b64a08eee1738d3,866,3dfbf9ab342e312c587b50cdb6e15e7a5a879ff2b64664f51e0840bd4c98ac63,YES
candidate/src/runtime/think.ts,2eab1ac105ae761249b24191350d33660f1aa534,514,8b74de8dbebe54217c39b3f1afded14dd357fdcf06047414077795f73645ddbb,YES
candidate/src/state/continuity-admission.ts,36ca2890be9ece42d8d5da661a640e0a15309b62,1501,f5ce5e4cb07310a1ae9036e3d140de5b9b6c26c5014553111604079f098343bb,YES
candidate/src/state/migrations.ts,25f15820707b77143f347c4d5cf818ae2851523c,204,0e679239f35bad0ac6aa25a0afbfd0086bb8ec35bb5919e9eb36564ffd851f57,YES
candidate/src/state/postgres-repository.ts,89fc3f787fb47f1acda1c311e7f4d1fef1afd287,1134,f1c615948ad216ec435d6ff64ac0ac71484aa8aeff7cd0a06a8ca6a9b2e39a48,YES
candidate/src/state/projections.ts,4b5e180c0116933a9836aa887c65648e87eb84f1,754,d590f0b6b2d22a32c1368f68a567e174c8004650a91fffc9fba8edd528e0c24d,YES
candidate/src/state/repository.ts,6d5216698cbf55a6f39881fa4d950198cee4f2e4,6349,6a9b730b7f7be360746553c4396a5c484a8d7b7fe9efb21ba25fc4f998445fdc,YES
candidate/src/tools/action-fixture-adapter.ts,c2f613e6e606ecf1f3d242e1731aebf6a1daf108,1240,c9733fc88c60580c70d16e7c5490cca03ef6b78b8a0e6740cf342d502adcaa6c,YES
candidate/src/tools/mcp-adapter.ts,a47e3933ba8d8c00ea443b6536dea3788e7e4cd0,478,01d6d2170783465b814e8feb4cee3f4f5e7020a7b2e7a124b0ab6484b29e7c7f,YES
candidate/src/tools/tool-contract.ts,c7749a04c3d3e422e3c08a4be5946fe456038266,1259,dfc03c234687756bc05a475560913ec27de3878405cea5b064088907c6546aff,YES
candidate/src/tools/tool-registry.ts,4a2a057995952955d643bd48a3fca60dc95ee413,429,2a6bf5dd69c06467ae13e58f40f5ef0eae0ff01072c67259bf472de4529759aa,YES
candidate/src/tools/verification.ts,5051ded22950f363405ea8d2ed80d3a2843776c8,827,5212bc0839cf599e946ceddb0bc1c4a40d88c7dec7950a9b1fed8d5218f92be8,YES
candidate/tests/agent-transition/ambient.test.ts,ac0269692addc892117016e5781607071ff037b7,1150,cd4063b1bdc7197492c4911b8f6daad5c44e1990f96702b0055a1ea3957d88fb,YES
candidate/tests/agent-transition/authority-lease.test.ts,a600d0fdf16fe8ff4b31bdabaed8f81da049e873,3083,630a7d12cd13c83a8fdc957c2df008173d080c8683e1ccee52697dd74748ee0d,YES
candidate/tests/agent-transition/big-separation.test.ts,c4d99899fb502b2691ad3abf95471dab218b5458,1441,efae826fde19773b4b9cdd7d453da586b071240f44facfcf4cde5acd2ea2bd7a,YES
candidate/tests/agent-transition/capability-qualification.test.ts,5e47fbef23fff032b3cc2f025bba4efc05579f99,886,805797b3dcbf928c2eff635a368c51e5195f9826744166cd3c958aac21817f51,YES
candidate/tests/agent-transition/capability-router.test.ts,36140022a4f4f6bd5d56c8e50e0c0acaa6ea4b05,1469,aaa43df81978785ac7956091b3bf1f766aa13ea0a0e64bb69a2cc55f770012fa,YES
candidate/tests/agent-transition/identity.test.ts,a18e3d16349c2e43e7354bfcef816e0dddab532c,2470,f9eedf44327cbbb121ffbbf2c929eff0c95aac098842fa280db0460602209b60,YES
candidate/tests/agent-transition/persistent-objective-runtime.test.ts,e63fa7c88b8d2974f2000099d54bea2eeeab55bf,1024,72458a0d713a4bc2ebb036b95fbd5adca01b58ac156c4bbb49528cf49d1ce0d3,YES
candidate/tests/agent-transition/pilot001-classification.test.ts,d80a5a243e5a3607f42ed19109b3d591a152e30f,3331,6d843888e33ec5985e6267e50ade8b8874948ff5ef221057b161317c4b7f4694,YES
candidate/tests/agent-transition/pilot001-concurrency.test.ts,cf1db59929e536fdcb4ff97d332daac892ff200c,2730,c28732da1e4d468236cd7017f6b2e51a0cdcf8a8bf95877c63e032d963497710,YES
candidate/tests/agent-transition/pilot001-coverage.test.ts,54ed036d2152bcea6bfecff008d299f61f475f9c,7415,b003a54fdacf9bea31b73ffcf12b92d5574b73ba05211f72e29ab2c3b681ed28,YES
candidate/tests/agent-transition/pilot001-metrics.test.ts,28a7009ac875820e70973bdb6efb5de634cba129,1612,e23a5f06c143048ce7f0d1b258e202d19f620cdae8d60bffe7049d613d9500b9,YES
candidate/tests/agent-transition/pilot001-post-e3-repair.test.ts,adbac67b1c6758262e6c7e711a0beaf4590f77d7,5280,e9b3e16c055757c978eae0fc1a81f6b3b30b6e07e16e79a706418eba0707c419,YES
candidate/tests/agent-transition/pilot001-repository-bracket.test.ts,d29c0be99d964baf09ab00cfcdd9beb332c81b04,3385,a91833b3e171051cb3b3e10331503ca899b7dd182b8f314c6cc2e608ccd78fe6,YES
candidate/tests/agent-transition/portable-procedure.test.ts,2604a8ebb4a7b60841dd065c32a2dff188fbfc40,636,5e2cf9caf13ee57a1c5bb44fc432bffe7c9459d49465d55714c36635432f4573,YES
candidate/tests/agent-transition/research-worker.test.ts,0ebd99e3c40ce996cb026e2b0c42440019a728c6,851,7912617ada0ccc443eed50ff42f86a3eda8d067e5c743c3e49a62a99797b09aa,YES
candidate/tests/agent-transition/selective-perception.test.ts,9c8e1067e049e21b3cfbd718f14e359d12abc9ae,1153,856cb58c8bee9dce59f670ae9fe3e1e464a560494adbb08b025bc58b54c4ec93,YES
candidate/tests/agent-transition/sentinel.test.ts,422726301fa2ad248393d4f34ff08f9b461b2552,3051,b5e77abb6ec98441eafccdfa3fbd130690c166609351461179e99728d3d8e667,YES
candidate/tests/agent-transition/workflow-durability.test.ts,18f75bdeb0f586f78860143ec719f20bfdddb87e,1365,1231875e20d9f35cdd5cceae2a46fd62e42eec3ae202d5bb4f6b94df8833f152,YES
candidate/tests/authority-privacy/authority-privacy.test.ts,4741a5c5c69fe1bf0c0a62534fd56d9ef0599e38,5752,62f9c5ac736a407bc59f6be564177c1023844b8db6147703b6f65b7e6658aa04,YES
candidate/tests/big-separation/big-separation.test.ts,b05566e31cf6a564994467a726711e6c3a173233,1600,b2117e7da817467cd926cb39a327ef78bf488a9aeb442a73487d829ea45d5473,YES
candidate/tests/circuit/circuit.test.ts,252ba599270f00532cd23681f4deb1fe9a4b6fbe,2183,3d92d0a616a3c9136695c82ad0fd6b6602928bbc559521040b548359b4625308,YES
candidate/tests/domain/domain.test.ts,eab8bac1806ec333ba04d984d7c5e5492ac3c1fc,1326,6ba184368a355cd9630b25fa0e87da2ea6a92e4b8d8456810fa18aeb23257a5e,YES
candidate/tests/failure/continuity.test.ts,dade1c61c38b48e8284492ef85f9d9a2d93af8f8,6517,7421b894c9e96655ea4ea2044f1b88e1faf12cbc16d41e8ea41af40f30f8b26a,YES
candidate/tests/failure/effect-retry.test.ts,b293fb774e9b1ddf2d82e10f45411fdb039dca26,1068,c9524b99d39608f96ecc3629d8fb6e4ef69a880864d5610213b03af84384c2e9,YES
candidate/tests/helpers.ts,8a243320fd6e75377654ef79b5cbd73e9dcc608f,3187,7c9b506db212649401e844db3bfdcddf6baa1de54068f5a9c3f66cefd5755c30,YES
candidate/tests/provider-substitution/provider-substitution.test.ts,53d9d841dee46151b90726c9e604dc56686d4897,1597,c7332dc84c2d77a9d31233a0ac0acfea152a56bf9db3c3ae0ff304e83004a492,YES
candidate/tests/reconstruction/fresh-process.test.ts,6a69cc488c0b26a198eb221f4bf95e2d7f4fac7f,3777,6a3cf1ca98ea431f58e1a1e707bc9f93e12c744083146c12594b9d81aece06ca,YES
candidate/tests/reconstruction/reconstruction.test.ts,703054a2fefa6d79e65c1e3ed1c9bfb20070f202,2891,e2fe17f56b4ad2e5a2a92e79fee71d62d34105a15724a5f23946adc590362e33,YES
architecture/blueprint-v0.4.md,c030c5f475f38d6edd4bda52ecd74d6f9d9eb786,53261,d478799495f06b7ac1d7b83c6726b913d8cc2fb43950ad45928ea0ec8affdc6d,YES
binding/index.json,1496e47c4a23ae2b141abaad9b9fd024dacc231b,3672,b72f9f19ff2ef78218d64e6854e81941634d945daf8d7d6ddefc036654b0987c,YES
review/whole-object.md,54a821db7fc3c8bffe84ecf1b58b5331b1a00bd5,6069,c8c458a877bb2ce1ded4f7bdef1b8e399273d7f9687ac0e4d7371a0ea4899cef,YES
binding/standalone_binding,14f084d20c2b76f39fd534dcfa1bb808d52a511a,40550,2a4886e8c3f80c74366f274bea0bce1604e59a6ddab89b30c8b7b910d3b0b2bd,YES
binding/semantic_dependency_manifest,182c3fccc80742103ea46f5315c5b4f886acf188,5425,04dc2a12fe1c4897d98d066fe82f9ecb5511bce9c15c0e94f3d99aa2d843be34,YES
binding/mapping_totality_matrix,7df1e646e59749d6b999919aeb2a9607492f98b1,54965,cf8654f8ad3ff8b8188cc8a63bb7086de75b04fafeee1362e7161840b0c957f6,YES
binding/static_totality_preflight,e5bc5269c2c9e8e4c606147a08047261cd045e09,11670,5318ee6cc9af04ef1b1cfb5e84aaa1e21f0311897f2b1388f7701e718e8afdf3,YES
binding/builder_falsifier_packet,5086b6f318d80f2d70a62e9a55edf92460253198,12124,0c1b8f41f4a69d024b5b35653b40554d2ea5faf026ebc49f55f6833a8d4c6a83,YES
e1/e1-protocol,5aa65205d401409b5b07b82e57864841bd57120b,17169,619b28d8cc6fdd8048bdaeff2807a10f438349f1a7249f3701b209a7e786d66b,YES
e1/e1-manifest,fef39e3284eae5559ac016c01211c0d9bc244fa5,3169,0eca9c456d85bd2b3e62cd1752d0cf4de81988c519c2ae0724a81573269b53d6,YES
e1/e1-shard-01,7a35d77ad927218f903e63f966ccee3341e7d717,302533,62d1ba80143ec687e16cfed89641634108ab7520faa5fb04082fd92508e9a721,YES
e1/e1-shard-02,53a8c9dbf36b1bc666d164daed3bcbf05c46b230,311749,6085e37d0bcbe2b04f23070d11095406a4f17fc0a3e351676920fc758f63a09f,YES
e1/e1-shard-03,4d492ac0d661b6fdb6315461fba5f720757a3cc7,310747,136da8531ee7fb02f88abcd0f94b2cda42cc9b8da3802a33dd554ee7b53011be,YES
e1/e1-shard-04,86924bb9e12c6e39e155ee6fcb0ca9f75dae7dec,303058,297d8a91115be81c5337f9973b423cfdcbf47c4b7ef81ed5ba8fa55356582685,YES
e1/population-identity,ff873138926524501eba5ea1230f9635fca124c8,3148,011874c2d8a62a79dac035585d5334a2e2d18a79dd64d2d76bf6f14bee37e9ab,YES
e1/independence-certification,9fcf719ccb939b7b437a586936da2a9a23c4ee37,3505,733801ec6b7179abed466f3ed97d7b4a90c7e9ea0fb99f488a237da5f3953577,YES
e1/integrity-manifest,ed3c39e0a7af169787801a3dc7a933c767dcfc02,2719,fbe5327c71ea0ee4c528631e4bc8e6657950ecd83f3e70863a167419936a0deb,YES
e1/structural-verification,a468cecd222314444a7d43a4e6d03d46c43e4112,1882,ac17f5ed6019e8b70edc79fd316c83b798048a1c3edcf94fdb96082d715b4019,YES
